Study.Area,Region.Label,Area,Sample.Label,Effort,object,distance
Monte Vista NWR,Default,0,1,128.75,1,0.06
Monte Vista NWR,Default,0,1,128.75,2,0.07
Monte Vista NWR,Default,0,1,128.75,3,0.04
Monte Vista NWR,Default,0,1,128.75,4,0.01
Monte Vista NWR,Default,0,1,128.75,5,0.37
Monte Vista NWR,Default,0,1,128.75,6,0.36
Monte Vista NWR,Default,0,1,128.75,7,0.51
Monte Vista NWR,Default,0,1,128.75,8,0.45
Monte Vista NWR,Default,0,1,128.75,9,0.32
Monte Vista NWR,Default,0,1,128.75,10,0.61
Monte Vista NWR,Default,0,1,128.75,11,0.61
Monte Vista NWR,Default,0,1,128.75,12,0.66
Monte Vista NWR,Default,0,1,128.75,13,0.69
Monte Vista NWR,Default,0,1,128.75,14,1.02
Monte Vista NWR,Default,0,1,128.75,15,1.15
Monte Vista NWR,Default,0,1,128.75,16,1
Monte Vista NWR,Default,0,1,128.75,17,1.03
Monte Vista NWR,Default,0,1,128.75,18,1.05
Monte Vista NWR,Default,0,1,128.75,19,1.41
Monte Vista NWR,Default,0,1,128.75,20,1.4
Monte Vista NWR,Default,0,1,128.75,21,1.69
Monte Vista NWR,Default,0,1,128.75,22,1.61
Monte Vista NWR,Default,0,1,128.75,23,2
Monte Vista NWR,Default,0,1,128.75,24,1.97
Monte Vista NWR,Default,0,1,128.75,25,1.95
Monte Vista NWR,Default,0,1,128.75,26,2.13
Monte Vista NWR,Default,0,1,128.75,27,2.27
Monte Vista NWR,Default,0,2,128.75,28,0.28
Monte Vista NWR,Default,0,2,128.75,29,0.23
Monte Vista NWR,Default,0,2,128.75,30,0.1
Monte Vista NWR,Default,0,2,128.75,31,0.38
Monte Vista NWR,Default,0,2,128.75,32,0.59
Monte Vista NWR,Default,0,2,128.75,33,0.86
Monte Vista NWR,Default,0,2,128.75,34,0.86
Monte Vista NWR,Default,0,2,128.75,35,0.89
Monte Vista NWR,Default,0,2,128.75,36,0.82
Monte Vista NWR,Default,0,2,128.75,37,0.76
Monte Vista NWR,Default,0,2,128.75,38,1.19
Monte Vista NWR,Default,0,2,128.75,39,1.05
Monte Vista NWR,Default,0,2,128.75,40,0.94
Monte Vista NWR,Default,0,2,128.75,41,0.94
Monte Vista NWR,Default,0,2,128.75,42,1.27
Monte Vista NWR,Default,0,2,128.75,43,1.23
Monte Vista NWR,Default,0,2,128.75,44,1.41
Monte Vista NWR,Default,0,2,128.75,45,1.39
Monte Vista NWR,Default,0,2,128.75,46,1.31
Monte Vista NWR,Default,0,2,128.75,47,1.74
Monte Vista NWR,Default,0,2,128.75,48,2.21
Monte Vista NWR,Default,0,2,128.75,49,2.29
Monte Vista NWR,Default,0,2,128.75,50,2.19
Monte Vista NWR,Default,0,2,128.75,51,2.38
Monte Vista NWR,Default,0,2,128.75,52,2.22
Monte Vista NWR,Default,0,3,128.75,53,0.2
Monte Vista NWR,Default,0,3,128.75,54,0.1
Monte Vista NWR,Default,0,3,128.75,55,0.06
Monte Vista NWR,Default,0,3,128.75,56,0.21
Monte Vista NWR,Default,0,3,128.75,57,0.13
Monte Vista NWR,Default,0,3,128.75,58,0.23
Monte Vista NWR,Default,0,3,128.75,59,0.33
Monte Vista NWR,Default,0,3,128.75,60,0.39
Monte Vista NWR,Default,0,3,128.75,61,0.35
Monte Vista NWR,Default,0,3,128.75,62,0.44
Monte Vista NWR,Default,0,3,128.75,63,0.42
Monte Vista NWR,Default,0,3,128.75,64,0.38
Monte Vista NWR,Default,0,3,128.75,65,0.74
Monte Vista NWR,Default,0,3,128.75,66,0.66
Monte Vista NWR,Default,0,3,128.75,67,0.68
Monte Vista NWR,Default,0,3,128.75,68,0.8
Monte Vista NWR,Default,0,3,128.75,69,0.7
Monte Vista NWR,Default,0,3,128.75,70,0.76
Monte Vista NWR,Default,0,3,128.75,71,0.89
Monte Vista NWR,Default,0,3,128.75,72,1.07
Monte Vista NWR,Default,0,3,128.75,73,0.96
Monte Vista NWR,Default,0,3,128.75,74,0.98
Monte Vista NWR,Default,0,3,128.75,75,0.92
Monte Vista NWR,Default,0,3,128.75,76,1.26
Monte Vista NWR,Default,0,3,128.75,77,1.47
Monte Vista NWR,Default,0,3,128.75,78,1.31
Monte Vista NWR,Default,0,3,128.75,79,1.22
Monte Vista NWR,Default,0,3,128.75,80,1.67
Monte Vista NWR,Default,0,3,128.75,81,1.81
Monte Vista NWR,Default,0,3,128.75,82,2.33
Monte Vista NWR,Default,0,3,128.75,83,2.23
Monte Vista NWR,Default,0,3,128.75,84,2.14
Monte Vista NWR,Default,0,4,128.75,85,0.17
Monte Vista NWR,Default,0,4,128.75,86,0.19
Monte Vista NWR,Default,0,4,128.75,87,0.25
Monte Vista NWR,Default,0,4,128.75,88,0.03
Monte Vista NWR,Default,0,4,128.75,89,0.13
Monte Vista NWR,Default,0,4,128.75,90,0.18
Monte Vista NWR,Default,0,4,128.75,91,0.57
Monte Vista NWR,Default,0,4,128.75,92,0.53
Monte Vista NWR,Default,0,4,128.75,93,0.51
Monte Vista NWR,Default,0,4,128.75,94,0.52
Monte Vista NWR,Default,0,4,128.75,95,0.42
Monte Vista NWR,Default,0,4,128.75,96,0.55
Monte Vista NWR,Default,0,4,128.75,97,0.63
Monte Vista NWR,Default,0,4,128.75,98,0.89
Monte Vista NWR,Default,0,4,128.75,99,0.75
Monte Vista NWR,Default,0,4,128.75,100,0.77
Monte Vista NWR,Default,0,4,128.75,101,0.76
Monte Vista NWR,Default,0,4,128.75,102,0.88
Monte Vista NWR,Default,0,4,128.75,103,1.09
Monte Vista NWR,Default,0,4,128.75,104,1.09
Monte Vista NWR,Default,0,4,128.75,105,1.21
Monte Vista NWR,Default,0,4,128.75,106,1.4
Monte Vista NWR,Default,0,4,128.75,107,1.58
Monte Vista NWR,Default,0,4,128.75,108,1.61
Monte Vista NWR,Default,0,4,128.75,109,1.64
Monte Vista NWR,Default,0,4,128.75,110,1.66
Monte Vista NWR,Default,0,4,128.75,111,1.65
Monte Vista NWR,Default,0,4,128.75,112,1.95
Monte Vista NWR,Default,0,4,128.75,113,1.91
Monte Vista NWR,Default,0,4,128.75,114,2.3
Monte Vista NWR,Default,0,4,128.75,115,2.11
Monte Vista NWR,Default,0,4,128.75,116,2.18
Monte Vista NWR,Default,0,5,128.75,117,0.06
Monte Vista NWR,Default,0,5,128.75,118,0.13
Monte Vista NWR,Default,0,5,128.75,119,0.12
Monte Vista NWR,Default,0,5,128.75,120,0.49
Monte Vista NWR,Default,0,5,128.75,121,0.48
Monte Vista NWR,Default,0,5,128.75,122,0.54
Monte Vista NWR,Default,0,5,128.75,123,0.46
Monte Vista NWR,Default,0,5,128.75,124,0.35
Monte Vista NWR,Default,0,5,128.75,125,0.53
Monte Vista NWR,Default,0,5,128.75,126,0.74
Monte Vista NWR,Default,0,5,128.75,127,1.07
Monte Vista NWR,Default,0,5,128.75,128,1.1
Monte Vista NWR,Default,0,5,128.75,129,1.02
Monte Vista NWR,Default,0,5,128.75,130,1.34
Monte Vista NWR,Default,0,5,128.75,131,1.4
Monte Vista NWR,Default,0,5,128.75,132,1.29
Monte Vista NWR,Default,0,5,128.75,133,1.43
Monte Vista NWR,Default,0,5,128.75,134,1.37
Monte Vista NWR,Default,0,5,128.75,135,1.38
Monte Vista NWR,Default,0,5,128.75,136,1.23
Monte Vista NWR,Default,0,5,128.75,137,1.69
Monte Vista NWR,Default,0,5,128.75,138,1.68
Monte Vista NWR,Default,0,5,128.75,139,1.7
Monte Vista NWR,Default,0,5,128.75,140,1.61
Monte Vista NWR,Default,0,5,128.75,141,1.56
Monte Vista NWR,Default,0,5,128.75,142,1.86
Monte Vista NWR,Default,0,5,128.75,143,1.83
Monte Vista NWR,Default,0,6,128.75,144,0.1
Monte Vista NWR,Default,0,6,128.75,145,0.08
Monte Vista NWR,Default,0,6,128.75,146,0.03
Monte Vista NWR,Default,0,6,128.75,147,0.18
Monte Vista NWR,Default,0,6,128.75,148,0.24
Monte Vista NWR,Default,0,6,128.75,149,0.42
Monte Vista NWR,Default,0,6,128.75,150,0.52
Monte Vista NWR,Default,0,6,128.75,151,0.41
Monte Vista NWR,Default,0,6,128.75,152,0.34
Monte Vista NWR,Default,0,6,128.75,153,0.63
Monte Vista NWR,Default,0,6,128.75,154,0.71
Monte Vista NWR,Default,0,6,128.75,155,0.75
Monte Vista NWR,Default,0,6,128.75,156,0.75
Monte Vista NWR,Default,0,6,128.75,157,0.97
Monte Vista NWR,Default,0,6,128.75,158,1.08
Monte Vista NWR,Default,0,6,128.75,159,1.12
Monte Vista NWR,Default,0,6,128.75,160,1.31
Monte Vista NWR,Default,0,6,128.75,161,1.33
Monte Vista NWR,Default,0,6,128.75,162,1.4
Monte Vista NWR,Default,0,6,128.75,163,1.22
Monte Vista NWR,Default,0,6,128.75,164,1.71
Monte Vista NWR,Default,0,6,128.75,165,1.59
Monte Vista NWR,Default,0,6,128.75,166,1.58
Monte Vista NWR,Default,0,6,128.75,167,2.05
Monte Vista NWR,Default,0,6,128.75,168,1.91
Monte Vista NWR,Default,0,6,128.75,169,1.84
Monte Vista NWR,Default,0,6,128.75,170,1.99
Monte Vista NWR,Default,0,6,128.75,171,2.32
Monte Vista NWR,Default,0,6,128.75,172,2.36
Monte Vista NWR,Default,0,6,128.75,173,2.24
Monte Vista NWR,Default,0,6,128.75,174,2.12
Monte Vista NWR,Default,0,7,128.75,175,0.07
Monte Vista NWR,Default,0,7,128.75,176,0.27
Monte Vista NWR,Default,0,7,128.75,177,0.09
Monte Vista NWR,Default,0,7,128.75,178,0.05
Monte Vista NWR,Default,0,7,128.75,179,0.03
Monte Vista NWR,Default,0,7,128.75,180,0.24
Monte Vista NWR,Default,0,7,128.75,181,0.44
Monte Vista NWR,Default,0,7,128.75,182,0.32
Monte Vista NWR,Default,0,7,128.75,183,0.42
Monte Vista NWR,Default,0,7,128.75,184,0.33
Monte Vista NWR,Default,0,7,128.75,185,0.73
Monte Vista NWR,Default,0,7,128.75,186,0.78
Monte Vista NWR,Default,0,7,128.75,187,0.79
Monte Vista NWR,Default,0,7,128.75,188,0.62
Monte Vista NWR,Default,0,7,128.75,189,0.74
Monte Vista NWR,Default,0,7,128.75,190,0.87
Monte Vista NWR,Default,0,7,128.75,191,0.67
Monte Vista NWR,Default,0,7,128.75,192,1.17
Monte Vista NWR,Default,0,7,128.75,193,1.08
Monte Vista NWR,Default,0,7,128.75,194,1.49
Monte Vista NWR,Default,0,7,128.75,195,1.42
Monte Vista NWR,Default,0,7,128.75,196,1.34
Monte Vista NWR,Default,0,7,128.75,197,1.68
Monte Vista NWR,Default,0,7,128.75,198,1.58
Monte Vista NWR,Default,0,7,128.75,199,1.67
Monte Vista NWR,Default,0,7,128.75,200,1.94
Monte Vista NWR,Default,0,7,128.75,201,2
Monte Vista NWR,Default,0,7,128.75,202,2.09
Monte Vista NWR,Default,0,7,128.75,203,2.37
Monte Vista NWR,Default,0,7,128.75,204,2.16
Monte Vista NWR,Default,0,8,128.75,205,0.08
Monte Vista NWR,Default,0,8,128.75,206,0.16
Monte Vista NWR,Default,0,8,128.75,207,0.21
Monte Vista NWR,Default,0,8,128.75,208,0.09
Monte Vista NWR,Default,0,8,128.75,209,0.51
Monte Vista NWR,Default,0,8,128.75,210,0.56
Monte Vista NWR,Default,0,8,128.75,211,0.75
Monte Vista NWR,Default,0,8,128.75,212,0.62
Monte Vista NWR,Default,0,8,128.75,213,1.1
Monte Vista NWR,Default,0,8,128.75,214,1.17
Monte Vista NWR,Default,0,8,128.75,215,1.16
Monte Vista NWR,Default,0,8,128.75,216,1.12
Monte Vista NWR,Default,0,8,128.75,217,1.43
Monte Vista NWR,Default,0,8,128.75,218,1.42
Monte Vista NWR,Default,0,8,128.75,219,1.71
Monte Vista NWR,Default,0,8,128.75,220,1.71
Monte Vista NWR,Default,0,8,128.75,221,1.64
Monte Vista NWR,Default,0,8,128.75,222,1.66
Monte Vista NWR,Default,0,8,128.75,223,1.82
Monte Vista NWR,Default,0,8,128.75,224,2.08
Monte Vista NWR,Default,0,8,128.75,225,1.88
Monte Vista NWR,Default,0,8,128.75,226,2.17
Monte Vista NWR,Default,0,8,128.75,227,2.35
Monte Vista NWR,Default,0,8,128.75,228,2.39
Monte Vista NWR,Default,0,9,128.75,229,0.05
Monte Vista NWR,Default,0,9,128.75,230,0.03
Monte Vista NWR,Default,0,9,128.75,231,0.51
Monte Vista NWR,Default,0,9,128.75,232,0.38
Monte Vista NWR,Default,0,9,128.75,233,0.58
Monte Vista NWR,Default,0,9,128.75,234,0.45
Monte Vista NWR,Default,0,9,128.75,235,0.32
Monte Vista NWR,Default,0,9,128.75,236,0.72
Monte Vista NWR,Default,0,9,128.75,237,1.08
Monte Vista NWR,Default,0,9,128.75,238,1.13
Monte Vista NWR,Default,0,9,128.75,239,1.12
Monte Vista NWR,Default,0,9,128.75,240,1.18
Monte Vista NWR,Default,0,9,128.75,241,1.01
Monte Vista NWR,Default,0,9,128.75,242,1.05
Monte Vista NWR,Default,0,9,128.75,243,1.38
Monte Vista NWR,Default,0,9,128.75,244,1.39
Monte Vista NWR,Default,0,9,128.75,245,1.25
Monte Vista NWR,Default,0,9,128.75,246,1.31
Monte Vista NWR,Default,0,9,128.75,247,1.68
Monte Vista NWR,Default,0,9,128.75,248,1.73
Monte Vista NWR,Default,0,9,128.75,249,1.81
Monte Vista NWR,Default,0,9,128.75,250,1.98
Monte Vista NWR,Default,0,9,128.75,251,1.95
Monte Vista NWR,Default,0,9,128.75,252,2.09
Monte Vista NWR,Default,0,9,128.75,253,2.15
Monte Vista NWR,Default,0,9,128.75,254,2.27
Monte Vista NWR,Default,0,10,128.75,255,0.19
Monte Vista NWR,Default,0,10,128.75,256,0.23
Monte Vista NWR,Default,0,10,128.75,257,0.25
Monte Vista NWR,Default,0,10,128.75,258,0.31
Monte Vista NWR,Default,0,10,128.75,259,0.68
Monte Vista NWR,Default,0,10,128.75,260,1.02
Monte Vista NWR,Default,0,10,128.75,261,0.97
Monte Vista NWR,Default,0,10,128.75,262,1.15
Monte Vista NWR,Default,0,10,128.75,263,0.91
Monte Vista NWR,Default,0,10,128.75,264,1.41
Monte Vista NWR,Default,0,10,128.75,265,1.21
Monte Vista NWR,Default,0,10,128.75,266,1.42
Monte Vista NWR,Default,0,10,128.75,267,1.7
Monte Vista NWR,Default,0,10,128.75,268,1.66
Monte Vista NWR,Default,0,10,128.75,269,1.61
Monte Vista NWR,Default,0,10,128.75,270,1.89
Monte Vista NWR,Default,0,10,128.75,271,2.16
Monte Vista NWR,Default,0,11,128.75,272,0.17
Monte Vista NWR,Default,0,11,128.75,273,0.48
Monte Vista NWR,Default,0,11,128.75,274,0.59
Monte Vista NWR,Default,0,11,128.75,275,0.58
Monte Vista NWR,Default,0,11,128.75,276,0.59
Monte Vista NWR,Default,0,11,128.75,277,0.63
Monte Vista NWR,Default,0,11,128.75,278,0.85
Monte Vista NWR,Default,0,11,128.75,279,0.64
Monte Vista NWR,Default,0,11,128.75,280,0.67
Monte Vista NWR,Default,0,11,128.75,281,1
Monte Vista NWR,Default,0,11,128.75,282,1.41
Monte Vista NWR,Default,0,11,128.75,283,1.38
Monte Vista NWR,Default,0,11,128.75,284,1.26
Monte Vista NWR,Default,0,11,128.75,285,1.35
Monte Vista NWR,Default,0,11,128.75,286,1.78
Monte Vista NWR,Default,0,11,128.75,287,1.55
Monte Vista NWR,Default,0,11,128.75,288,1.58
Monte Vista NWR,Default,0,11,128.75,289,1.73
Monte Vista NWR,Default,0,11,128.75,290,1.72
Monte Vista NWR,Default,0,11,128.75,291,1.86
Monte Vista NWR,Default,0,11,128.75,292,2.06
Monte Vista NWR,Default,0,11,128.75,293,2
Monte Vista NWR,Default,0,11,128.75,294,2.32
Monte Vista NWR,Default,0,11,128.75,295,2.2
Monte Vista NWR,Default,0,11,128.75,296,2.25
Monte Vista NWR,Default,0,12,128.75,297,0.27
Monte Vista NWR,Default,0,12,128.75,298,0.31
Monte Vista NWR,Default,0,12,128.75,299,0.77
Monte Vista NWR,Default,0,12,128.75,300,0.83
Monte Vista NWR,Default,0,12,128.75,301,0.72
Monte Vista NWR,Default,0,12,128.75,302,0.64
Monte Vista NWR,Default,0,12,128.75,303,1.02
Monte Vista NWR,Default,0,12,128.75,304,1.51
Monte Vista NWR,Default,0,12,128.75,305,1.76
Monte Vista NWR,Default,0,12,128.75,306,1.69
Monte Vista NWR,Default,0,12,128.75,307,2
Monte Vista NWR,Default,0,12,128.75,308,1.91
Monte Vista NWR,Default,0,12,128.75,309,1.94
Monte Vista NWR,Default,0,12,128.75,310,2.07
Monte Vista NWR,Default,0,12,128.75,311,1.93
Monte Vista NWR,Default,0,12,128.75,312,1.9
Monte Vista NWR,Default,0,12,128.75,313,1.88
Monte Vista NWR,Default,0,12,128.75,314,2.27
Monte Vista NWR,Default,0,12,128.75,315,2.25
Monte Vista NWR,Default,0,12,128.75,316,2.36
Monte Vista NWR,Default,0,13,128.75,317,0.21
Monte Vista NWR,Default,0,13,128.75,318,0.26
Monte Vista NWR,Default,0,13,128.75,319,0.05
Monte Vista NWR,Default,0,13,128.75,320,0.53
Monte Vista NWR,Default,0,13,128.75,321,0.34
Monte Vista NWR,Default,0,13,128.75,322,0.82
Monte Vista NWR,Default,0,13,128.75,323,0.61
Monte Vista NWR,Default,0,13,128.75,324,0.79
Monte Vista NWR,Default,0,13,128.75,325,0.86
Monte Vista NWR,Default,0,13,128.75,326,0.77
Monte Vista NWR,Default,0,13,128.75,327,0.69
Monte Vista NWR,Default,0,13,128.75,328,0.74
Monte Vista NWR,Default,0,13,128.75,329,0.85
Monte Vista NWR,Default,0,13,128.75,330,1.71
Monte Vista NWR,Default,0,13,128.75,331,1.68
Monte Vista NWR,Default,0,13,128.75,332,1.64
Monte Vista NWR,Default,0,13,128.75,333,1.85
Monte Vista NWR,Default,0,13,128.75,334,1.98
Monte Vista NWR,Default,0,13,128.75,335,1.88
Monte Vista NWR,Default,0,13,128.75,336,2.11
Monte Vista NWR,Default,0,13,128.75,337,2.18
Monte Vista NWR,Default,0,13,128.75,338,2.4
Monte Vista NWR,Default,0,14,128.75,339,0.07
Monte Vista NWR,Default,0,14,128.75,340,0.04
Monte Vista NWR,Default,0,14,128.75,341,0.45
Monte Vista NWR,Default,0,14,128.75,342,0.49
Monte Vista NWR,Default,0,14,128.75,343,0.54
Monte Vista NWR,Default,0,14,128.75,344,0.57
Monte Vista NWR,Default,0,14,128.75,345,0.41
Monte Vista NWR,Default,0,14,128.75,346,0.53
Monte Vista NWR,Default,0,14,128.75,347,0.54
Monte Vista NWR,Default,0,14,128.75,348,0.4
Monte Vista NWR,Default,0,14,128.75,349,0.66
Monte Vista NWR,Default,0,14,128.75,350,0.86
Monte Vista NWR,Default,0,14,128.75,351,1.16
Monte Vista NWR,Default,0,14,128.75,352,1.18
Monte Vista NWR,Default,0,14,128.75,353,1.05
Monte Vista NWR,Default,0,14,128.75,354,0.96
Monte Vista NWR,Default,0,14,128.75,355,0.91
Monte Vista NWR,Default,0,14,128.75,356,1.35
Monte Vista NWR,Default,0,14,128.75,357,1.4
Monte Vista NWR,Default,0,14,128.75,358,1.46
Monte Vista NWR,Default,0,14,128.75,359,1.3
Monte Vista NWR,Default,0,14,128.75,360,1.29
Monte Vista NWR,Default,0,14,128.75,361,1.68
Monte Vista NWR,Default,0,14,128.75,362,1.81
Monte Vista NWR,Default,0,14,128.75,363,2.35
Monte Vista NWR,Default,0,14,128.75,364,2.29
Monte Vista NWR,Default,0,15,128.75,365,0.27
Monte Vista NWR,Default,0,15,128.75,366,0.09
Monte Vista NWR,Default,0,15,128.75,367,0.2
Monte Vista NWR,Default,0,15,128.75,368,0.21
Monte Vista NWR,Default,0,15,128.75,369,0.35
Monte Vista NWR,Default,0,15,128.75,370,0.57
Monte Vista NWR,Default,0,15,128.75,371,0.48
Monte Vista NWR,Default,0,15,128.75,372,0.47
Monte Vista NWR,Default,0,15,128.75,373,0.69
Monte Vista NWR,Default,0,15,128.75,374,0.7
Monte Vista NWR,Default,0,15,128.75,375,0.67
Monte Vista NWR,Default,0,15,128.75,376,0.68
Monte Vista NWR,Default,0,15,128.75,377,0.97
Monte Vista NWR,Default,0,15,128.75,378,0.96
Monte Vista NWR,Default,0,15,128.75,379,0.98
Monte Vista NWR,Default,0,15,128.75,380,1.14
Monte Vista NWR,Default,0,15,128.75,381,0.92
Monte Vista NWR,Default,0,15,128.75,382,1.02
Monte Vista NWR,Default,0,15,128.75,383,1.37
Monte Vista NWR,Default,0,15,128.75,384,1.43
Monte Vista NWR,Default,0,15,128.75,385,1.4
Monte Vista NWR,Default,0,15,128.75,386,1.22
Monte Vista NWR,Default,0,15,128.75,387,1.26
Monte Vista NWR,Default,0,15,128.75,388,1.44
Monte Vista NWR,Default,0,15,128.75,389,1.54
Monte Vista NWR,Default,0,15,128.75,390,1.67
Monte Vista NWR,Default,0,15,128.75,391,2.07
Monte Vista NWR,Default,0,15,128.75,392,1.86
Monte Vista NWR,Default,0,15,128.75,393,1.95
Monte Vista NWR,Default,0,15,128.75,394,2
Monte Vista NWR,Default,0,15,128.75,395,2.05
Monte Vista NWR,Default,0,15,128.75,396,2.12
Monte Vista NWR,Default,0,16,128.75,397,0.28
Monte Vista NWR,Default,0,16,128.75,398,0.12
Monte Vista NWR,Default,0,16,128.75,399,1.02
Monte Vista NWR,Default,0,16,128.75,400,1.1
Monte Vista NWR,Default,0,16,128.75,401,1.04
Monte Vista NWR,Default,0,16,128.75,402,1.22
Monte Vista NWR,Default,0,16,128.75,403,1.39
Monte Vista NWR,Default,0,16,128.75,404,1.28
Monte Vista NWR,Default,0,16,128.75,405,1.23
Monte Vista NWR,Default,0,16,128.75,406,1.26
Monte Vista NWR,Default,0,16,128.75,407,1.39
Monte Vista NWR,Default,0,16,128.75,408,1.48
Monte Vista NWR,Default,0,16,128.75,409,1.39
Monte Vista NWR,Default,0,16,128.75,410,1.7
Monte Vista NWR,Default,0,16,128.75,411,1.9
Monte Vista NWR,Default,0,16,128.75,412,1.99
Monte Vista NWR,Default,0,16,128.75,413,1.87
Monte Vista NWR,Default,0,16,128.75,414,2.31
Monte Vista NWR,Default,0,16,128.75,415,2.27
Monte Vista NWR,Default,0,17,128.75,416,0.22
Monte Vista NWR,Default,0,17,128.75,417,0.18
Monte Vista NWR,Default,0,17,128.75,418,0.22
Monte Vista NWR,Default,0,17,128.75,419,0.26
Monte Vista NWR,Default,0,17,128.75,420,0.36
Monte Vista NWR,Default,0,17,128.75,421,0.59
Monte Vista NWR,Default,0,17,128.75,422,0.34
Monte Vista NWR,Default,0,17,128.75,423,0.36
Monte Vista NWR,Default,0,17,128.75,424,0.86
Monte Vista NWR,Default,0,17,128.75,425,0.69
Monte Vista NWR,Default,0,17,128.75,426,0.67
Monte Vista NWR,Default,0,17,128.75,427,0.98
Monte Vista NWR,Default,0,17,128.75,428,0.97
Monte Vista NWR,Default,0,17,128.75,429,1.06
Monte Vista NWR,Default,0,17,128.75,430,1.19
Monte Vista NWR,Default,0,17,128.75,431,1.14
Monte Vista NWR,Default,0,17,128.75,432,1.45
Monte Vista NWR,Default,0,17,128.75,433,1.35
Monte Vista NWR,Default,0,17,128.75,434,1.32
Monte Vista NWR,Default,0,17,128.75,435,1.48
Monte Vista NWR,Default,0,17,128.75,436,1.78
Monte Vista NWR,Default,0,17,128.75,437,1.69
Monte Vista NWR,Default,0,17,128.75,438,1.62
Monte Vista NWR,Default,0,17,128.75,439,1.55
Monte Vista NWR,Default,0,17,128.75,440,1.66
Monte Vista NWR,Default,0,17,128.75,441,1.71
Monte Vista NWR,Default,0,17,128.75,442,2.05
Monte Vista NWR,Default,0,17,128.75,443,2.06
Monte Vista NWR,Default,0,17,128.75,444,2.38
Monte Vista NWR,Default,0,17,128.75,445,2.17
Monte Vista NWR,Default,0,17,128.75,446,2.38
Monte Vista NWR,Default,0,18,128.75,447,0.24
Monte Vista NWR,Default,0,18,128.75,448,0.06
Monte Vista NWR,Default,0,18,128.75,449,0.23
Monte Vista NWR,Default,0,18,128.75,450,0.23
Monte Vista NWR,Default,0,18,128.75,451,0.13
Monte Vista NWR,Default,0,18,128.75,452,0.28
Monte Vista NWR,Default,0,18,128.75,453,0.37
Monte Vista NWR,Default,0,18,128.75,454,0.39
Monte Vista NWR,Default,0,18,128.75,455,0.32
Monte Vista NWR,Default,0,18,128.75,456,0.47
Monte Vista NWR,Default,0,18,128.75,457,0.36
Monte Vista NWR,Default,0,18,128.75,458,0.44
Monte Vista NWR,Default,0,18,128.75,459,0.84
Monte Vista NWR,Default,0,18,128.75,460,0.74
Monte Vista NWR,Default,0,18,128.75,461,0.66
Monte Vista NWR,Default,0,18,128.75,462,0.85
Monte Vista NWR,Default,0,18,128.75,463,1.31
Monte Vista NWR,Default,0,18,128.75,464,1.43
Monte Vista NWR,Default,0,18,128.75,465,1.33
Monte Vista NWR,Default,0,18,128.75,466,1.39
Monte Vista NWR,Default,0,18,128.75,467,1.3
Monte Vista NWR,Default,0,18,128.75,468,1.36
Monte Vista NWR,Default,0,18,128.75,469,1.75
Monte Vista NWR,Default,0,18,128.75,470,1.72
Monte Vista NWR,Default,0,18,128.75,471,2
Monte Vista NWR,Default,0,18,128.75,472,2.19
Monte Vista NWR,Default,0,18,128.75,473,2.38
Monte Vista NWR,Default,0,18,128.75,474,2.27
Monte Vista NWR,Default,0,18,128.75,475,2.37
Monte Vista NWR,Default,0,19,128.75,476,0.23
Monte Vista NWR,Default,0,19,128.75,477,0.26
Monte Vista NWR,Default,0,19,128.75,478,0.28
Monte Vista NWR,Default,0,19,128.75,479,0.03
Monte Vista NWR,Default,0,19,128.75,480,0.33
Monte Vista NWR,Default,0,19,128.75,481,0.49
Monte Vista NWR,Default,0,19,128.75,482,0.7
Monte Vista NWR,Default,0,19,128.75,483,0.61
Monte Vista NWR,Default,0,19,128.75,484,0.76
Monte Vista NWR,Default,0,19,128.75,485,0.7
Monte Vista NWR,Default,0,19,128.75,486,0.86
Monte Vista NWR,Default,0,19,128.75,487,1.14
Monte Vista NWR,Default,0,19,128.75,488,1.05
Monte Vista NWR,Default,0,19,128.75,489,1.01
Monte Vista NWR,Default,0,19,128.75,490,1.31
Monte Vista NWR,Default,0,19,128.75,491,1.49
Monte Vista NWR,Default,0,19,128.75,492,1.37
Monte Vista NWR,Default,0,19,128.75,493,1.29
Monte Vista NWR,Default,0,19,128.75,494,1.31
Monte Vista NWR,Default,0,19,128.75,495,1.52
Monte Vista NWR,Default,0,19,128.75,496,1.61
Monte Vista NWR,Default,0,19,128.75,497,1.51
Monte Vista NWR,Default,0,19,128.75,498,1.76
Monte Vista NWR,Default,0,19,128.75,499,1.63
Monte Vista NWR,Default,0,19,128.75,500,1.84
Monte Vista NWR,Default,0,19,128.75,501,2.29
Monte Vista NWR,Default,0,19,128.75,502,2.27
Monte Vista NWR,Default,0,20,128.75,503,0.19
Monte Vista NWR,Default,0,20,128.75,504,0.23
Monte Vista NWR,Default,0,20,128.75,505,0.27
Monte Vista NWR,Default,0,20,128.75,506,0.08
Monte Vista NWR,Default,0,20,128.75,507,0.19
Monte Vista NWR,Default,0,20,128.75,508,0.55
Monte Vista NWR,Default,0,20,128.75,509,0.62
Monte Vista NWR,Default,0,20,128.75,510,0.71
Monte Vista NWR,Default,0,20,128.75,511,0.73
Monte Vista NWR,Default,0,20,128.75,512,0.76
Monte Vista NWR,Default,0,20,128.75,513,0.85
Monte Vista NWR,Default,0,20,128.75,514,0.84
Monte Vista NWR,Default,0,20,128.75,515,0.71
Monte Vista NWR,Default,0,20,128.75,516,1.06
Monte Vista NWR,Default,0,20,128.75,517,1.18
Monte Vista NWR,Default,0,20,128.75,518,1
Monte Vista NWR,Default,0,20,128.75,519,0.94
Monte Vista NWR,Default,0,20,128.75,520,1.05
Monte Vista NWR,Default,0,20,128.75,521,1.31
Monte Vista NWR,Default,0,20,128.75,522,1.38
Monte Vista NWR,Default,0,20,128.75,523,1.27
Monte Vista NWR,Default,0,20,128.75,524,1.21
Monte Vista NWR,Default,0,20,128.75,525,1.51
Monte Vista NWR,Default,0,20,128.75,526,1.84
Monte Vista NWR,Default,0,20,128.75,527,1.92
Monte Vista NWR,Default,0,20,128.75,528,1.94
Monte Vista NWR,Default,0,20,128.75,529,2.18
Monte Vista NWR,Default,0,20,128.75,530,2.26
Monte Vista NWR,Default,0,20,128.75,531,2.36
Monte Vista NWR,Default,0,20,128.75,532,2.32
Monte Vista NWR,Default,0,20,128.75,533,2.38
Monte Vista NWR,Default,0,20,128.75,534,2.13
